Input,Keyword,CPC,"Search Volume",Source,"Monthly January","Monthly February","Monthly March","Monthly April","Monthly May","Monthly June","Monthly July","Monthly August","Monthly September","Monthly October","Monthly November","Monthly December"
"hohner rocket","hohner rocket","0.00 Kč",10,Google,20,20,20,10,10,10,10,10,10,10,10,10
"hohner rocket","hohner rocket a","0.00 Kč",10,Google,10,10,10,10,0,10,10,10,20,10,10,10
"hohner rocket","hohner rocket c","0.00 Kč",10,Google,10,10,10,10,10,10,10,10,10,10,10,10
"hohner rocket","hohner rocket amp","0.00 Kč",10,Google,10,10,10,10,10,10,0,0,10,10,10,10
"hohner rocket","hohner rocket low","0.00 Kč",10,Google,20,20,0,0,20,20,0,20,20,0,20,20
"hohner rocket","hohner rocket low c","0.00 Kč",10,Google,0,20,0,20,20,0,0,0,0,0,20,20
"hohner rocket","hohner rocket progressive","0.00 Kč",10,Google,0,0,0,20,20,20,0,0,20,0,20,0
"hohner rocket","harmonica hohner rocket","0.00 Kč",10,Google,0,0,0,0,30,30,30,0,0,0,0,30
"hohner rocket","hohner rocket amp c","0.00 Kč",10,Google,30,0,30,30,0,30,0,0,0,0,0,0
"hohner rocket","hohner rocket low f","0.00 Kč",10,Google,30,0,0,0,30,30,0,0,0,0,0,30
"hohner rocket","hohner rocket amp harmonica","0.00 Kč",10,Google,0,60,0,0,0,60,0,0,0,0,0,0
"hohner rocket","hohner rocket low d","0.00 Kč",10,Google,0,0,0,40,0,0,40,0,0,0,0,40
"hohner rocket","hohner rocket harmonica","0.00 Kč",10,Google,0,40,0,0,40,0,40,0,0,0,0,0
"hohner rocket","hohner rocket vs special 20","0.00 Kč",10,Google,0,60,0,0,60,0,0,0,0,0,0,0
"hohner rocket","rocket hohner","0.00 Kč",10,Google,0,0,0,0,0,120,0,0,0,0,0,0
"hohner rocket","hohner rocket g-major","0.0 Kč",1,Seznam,0,0,0,0,1,1,6,1,0,0,0,0
"hohner rocket","hohner rocket","8.7 Kč",0,Seznam,1,1,0,0,0,0,0,1,1,1,1,0
"hohner rocket","hohner rocket c","0.0 Kč",0,Seznam,0,0,0,0,0,0,0,2,0,0,0,0
"hohner rocket","hohner rocket amp","0.0 Kč",1,Seznam,2,0,0,0,0,0,0,1,0,0,3,2
"hohner rocket","sada hohner rocket amp","0.0 Kč",0,Seznam,2,0,0,0,0,0,0,0,0,0,0,0
"hohner rocket","hohner rocket g","0.0 Kč",0,Seznam,0,0,0,0,0,0,2,0,0,0,0,0
"hohner rocket","hohner rocket d-major","0.0 Kč",0,Seznam,0,0,0,0,1,0,0,2,0,0,0,1
"hohner rocket","hohner rocket set","0.0 Kč",0,Seznam,0,0,0,0,0,0,0,0,2,0,0,0
"hohner rocket","údržba harmonik hohner rocket ample","0.0 Kč",0,Seznam,0,0,0,2,0,0,0,0,0,0,0,0
"hohner rocket","hohner rocket bb","0.0 Kč",1,Seznam,0,0,0,0,0,0,0,0,0,7,0,0
"hohner rocket","hohner rocket a","0.0 Kč",0,Seznam,0,0,0,1,0,0,0,0,0,4,1,0
"hohner rocket","hohner rocket amp d","0.0 Kč",0,Seznam,1,0,0,0,0,1,0,0,0,0,3,0
"hohner rocket","hohner rocket c-major","0.0 Kč",0,Seznam,1,0,0,0,0,0,0,0,0,0,1,0
"hohner rocket","foukací harmonika hohner rocket amp propack c g a","0.0 Kč",0,Seznam,0,0,0,0,0,0,0,1,0,1,0,0
"hohner rocket","foukací harmonika hohner rocket amp propack cga","0.0 Kč",0,Seznam,0,0,0,0,0,0,0,1,0,0,2,0
"marine band","hohner marine band","1.12 Kč",30,Google,20,30,30,40,30,30,20,30,20,30,20,20
"marine band","marina band","0.00 Kč",20,Google,10,10,20,10,10,10,20,10,20,10,40,70
"marine band","marine band","4.93 Kč",10,Google,10,10,10,20,10,10,10,10,10,20,10,10
"marine band","hohner marine band crossover","2.24 Kč",10,Google,10,20,10,10,10,10,10,10,10,10,10,10
"marine band","hohner marine band 1896","1.75 Kč",10,Google,10,10,10,20,10,10,10,10,0,10,10,10
"marine band","marine band crossover","3.36 Kč",10,Google,10,10,10,10,10,10,10,10,10,10,10,10
"marine band","hohner marine band c","2.46 Kč",10,Google,10,10,10,10,10,10,10,10,10,10,10,10
"marine band","marine band harmonica","0.00 Kč",10,Google,10,10,10,0,10,10,10,10,10,10,10,10
"marine band","marine band 1896","0.00 Kč",10,Google,10,10,10,10,10,10,0,10,10,10,10,0
"marine band","hohner marine band harmonica","0.00 Kč",10,Google,10,10,10,10,0,10,10,10,10,0,10,10
"marine band","hohner marine band deluxe","2.24 Kč",10,Google,10,10,0,10,10,10,10,10,10,10,10,0
"marine band","hohner special 20 marine band","0.00 Kč",10,Google,10,10,0,10,10,10,10,10,0,10,0,10
"marine band","marine band thunderbird","0.00 Kč",10,Google,20,20,20,0,0,20,0,20,20,0,0,20
"marine band","hohner marine band g","0.00 Kč",10,Google,0,20,0,20,0,20,0,20,0,20,20,20
"marine band","hohner marine band deluxe c","0.00 Kč",10,Google,0,20,20,20,20,0,20,0,0,20,0,20
"marine band","hohner special 20 vs marine band","0.00 Kč",10,Google,20,20,20,0,20,0,20,20,0,0,0,20
"marine band","hohner marine band 365","0.00 Kč",10,Google,0,0,20,0,20,20,20,0,0,20,20,0
"marine band","marine band vs special 20","0.00 Kč",10,Google,20,20,20,20,20,0,20,0,0,0,0,0
"marine band","hohner marine band deluxe a","0.00 Kč",10,Google,20,0,0,20,0,20,0,0,0,20,20,20
"marine band","hohner marine band 364 24 c","0.00 Kč",10,Google,0,20,0,0,20,20,0,20,0,20,0,20
"marine band","hohner marine band classic c","0.00 Kč",10,Google,20,0,0,20,20,20,0,0,0,20,0,20
"marine band","marine band harmonica crossover","0.00 Kč",10,Google,20,0,20,0,0,0,0,20,0,0,20,20
"marine band","hohner marine band 1896 bb","0.00 Kč",10,Google,0,0,20,20,20,20,0,0,0,20,0,0
"marine band","marine band crossover harmonica","0.00 Kč",10,Google,20,0,20,0,0,0,0,20,0,0,20,20
"marine band","hohner marine band 1896 classic c","0.00 Kč",10,Google,0,0,0,0,20,0,0,20,0,20,20,20
"marine band","harmonica hohner marine band","0.00 Kč",10,Google,0,20,20,20,0,20,0,20,0,0,0,0
"marine band","hohner marine band classic","0.00 Kč",10,Google,0,0,20,0,0,0,0,20,0,20,20,20
"marine band","hohner marine band a","0.00 Kč",10,Google,0,0,0,20,0,0,20,0,20,20,20,0
"marine band","hohner marine band crossover a","0.00 Kč",10,Google,0,0,20,20,0,0,0,0,0,20,20,20
"marine band","hohner marine band crossover c","0.00 Kč",10,Google,0,20,0,20,0,0,20,20,0,20,0,0
"marine band","hohner marine band d","0.00 Kč",10,Google,0,20,0,0,0,0,0,20,20,20,0,20
"marine band","hohner marine band 1896 diatonic harmonica in bb","0.00 Kč",10,Google,0,0,0,0,40,0,0,0,40,40,0,0
"marine band","hohner marine band 1896 g","0.00 Kč",10,Google,0,0,0,0,0,30,30,0,30,0,0,30
"marine band","hohner marine band deluxe bb","0.00 Kč",10,Google,0,0,0,0,30,0,30,0,0,30,30,0
"marine band","hohner special 20 or marine band","0.00 Kč",10,Google,0,0,30,30,0,30,0,0,0,0,0,30
"marine band","hohner marine band crossover d","0.00 Kč",10,Google,40,0,0,0,0,0,0,0,0,0,40,40
"marine band","hohner marine band set","0.00 Kč",10,Google,0,0,30,0,0,0,0,30,0,0,30,30
"marine band","hohner special 20 marine band harmonica","0.00 Kč",10,Google,30,0,0,0,0,0,0,0,30,30,30,0
"marine band","hohner marine band 1896 classic","0.00 Kč",10,Google,0,0,0,40,0,40,0,0,0,0,0,40
"marine band","hohner marine band 1896 diatonic harmonica in g","0.00 Kč",10,Google,0,40,0,0,0,0,40,0,0,0,40,0
"marine band","hohner marine band c harmonica","0.00 Kč",10,Google,0,30,30,0,0,0,0,0,0,0,30,30
"marine band","hohner special 20 progressive vs marine band","0.00 Kč",10,Google,0,0,40,0,40,0,40,0,0,0,0,0
"marine band","marine band c","0.00 Kč",10,Google,0,40,40,0,0,40,0,0,0,0,0,0
"marine band","marine band special 20","0.00 Kč",10,Google,0,0,30,0,0,0,30,0,0,30,0,30
"marine band","marine band 364","0.00 Kč",10,Google,0,0,0,0,30,30,0,0,0,0,30,30
"marine band","marine band crossover c","0.00 Kč",10,Google,30,30,0,0,30,0,0,0,0,0,0,30
"marine band","marine band classic","0.00 Kč",10,Google,60,0,60,0,0,0,0,0,0,0,0,0
"marine band","harmonica hohner marine band crossover","0.00 Kč",10,Google,0,0,0,0,0,0,60,0,0,0,0,60
"marine band","hohner marine band 1896 classic harmonica","0.00 Kč",10,Google,0,0,0,0,0,60,0,0,60,0,0,0
"marine band","marine band deluxe a","0.00 Kč",10,Google,40,0,0,0,0,0,0,0,0,0,40,40
"marine band","harmonica hohner marine band c","0.00 Kč",10,Google,0,0,0,0,0,0,0,0,60,0,60,0
"marine band","hohner marine band crossover harmonica","0.00 Kč",10,Google,60,0,0,0,0,0,0,0,0,60,0,0
"marine band","marine band harmonica c","0.00 Kč",10,Google,0,0,0,0,60,0,0,60,0,0,0,0
"marine band","harmonica marine band c","0.00 Kč",10,Google,0,0,0,0,60,0,0,60,0,0,0,0
"marine band","hohner marine band crossover set","0.00 Kč",10,Google,0,0,0,0,0,60,0,0,0,60,0,0
"marine band","marine band m hohner","0.00 Kč",10,Google,0,0,60,0,0,0,0,0,60,0,0,0
"marine band","hohner marine band harmonica key of c","0.00 Kč",10,Google,0,0,0,0,0,0,0,60,0,0,60,0
"marine band","marine band deluxe c","0.00 Kč",10,Google,40,40,0,0,40,0,0,0,0,0,0,0
"marine band","hohner marine band review","0.00 Kč",10,Google,0,0,0,40,0,0,0,40,0,0,40,0
"marine band","marine band frequencies","0.00 Kč",10,Google,0,0,60,0,60,0,0,0,0,0,0,0
"marine band","hohner marine band thunderbird","0.00 Kč",10,Google,0,0,0,0,0,40,0,40,0,0,0,40
"marine band","marine band hohner c","0.00 Kč",10,Google,60,0,0,0,60,0,0,0,0,0,0,0
"marine band","hohner crossover marine band harmonica","0.00 Kč",10,Google,0,0,0,0,0,0,0,0,0,60,0,60
"marine band","marine band radio","0.00 Kč",10,Google,0,0,0,0,40,0,0,40,40,0,0,0
"marine band","hohner marine band classic g","0.00 Kč",10,Google,0,60,0,60,0,0,0,0,0,0,0,0
"marine band","hohner marine band f","0.00 Kč",10,Google,0,0,0,0,0,0,0,0,0,60,0,60
"marine band","hohner harmonica special 20 marine band","0.00 Kč",10,Google,0,0,0,0,0,0,0,0,40,40,40,0
"marine band","hohner marine band crossover harmonica key of c","0.00 Kč",10,Google,0,0,0,0,0,0,0,0,0,0,60,60
"marine band","hohner marine band deluxe d","0.00 Kč",10,Google,0,60,0,0,0,60,0,0,0,0,0,0
"marine band","hohner marine band deluxe review","0.00 Kč",10,Google,0,0,0,0,60,0,60,0,0,0,0,0
"marine band","hohner marine band deluxe set","0.00 Kč",10,Google,60,0,0,0,0,0,0,0,0,0,60,0
"marine band","hohner marine band e","0.00 Kč",10,Google,0,0,0,40,0,0,0,0,40,0,0,40
"marine band","hohner marine band harmonica c","0.00 Kč",10,Google,60,0,0,0,0,0,0,0,0,0,60,0
"marine band","marine band bb","0.00 Kč",10,Google,0,0,0,0,0,0,0,0,120,0,0,0
"marine band","harmonica hohner marine band 1896","0.00 Kč",10,Google,0,0,0,0,0,0,120,0,0,0,0,0
"marine band","1896 marine band","0.00 Kč",10,Google,0,0,0,120,0,0,0,0,0,0,0,0
"marine band","marine band classic c","0.00 Kč",10,Google,0,0,120,0,0,0,0,0,0,0,0,0
"marine band","harmonica marine band","0.00 Kč",10,Google,0,0,0,0,0,0,0,0,0,120,0,0
"marine band","marine band m hohner 1896","0.00 Kč",10,Google,0,0,0,0,0,0,0,120,0,0,0,0
"marine band","marine band harp","0.00 Kč",10,Google,0,0,0,0,0,0,0,0,0,0,120,0
"marine band","hohner 1896 marine band harmonica","0.00 Kč",10,Google,0,0,0,0,0,120,0,0,0,0,0,0
"marine band","marine band m hohner a440","0.00 Kč",10,Google,120,0,0,0,0,0,0,0,0,0,0,0
"marine band","hohner marine band 1896 harmonica","0.00 Kč",10,Google,0,0,0,0,0,120,0,0,0,0,0,0
"marine band","marine band deluxe harmonica","0.00 Kč",10,Google,120,0,0,0,0,0,0,0,0,0,0,0
"marine band","hohner marine band crossover vs special 20","0.00 Kč",10,Google,0,0,0,0,120,0,0,0,0,0,0,0
"marine band","marine band g","0.00 Kč",10,Google,0,0,0,0,0,0,0,0,0,0,0,120
"marine band","hohner marine band deluxe g","0.00 Kč",10,Google,0,120,0,0,0,0,0,0,0,0,0,0
"marine band","marine band ms","0.00 Kč",10,Google,0,0,0,0,0,0,0,0,0,120,0,0
"marine band","hohner marine band deluxe harmonica","0.00 Kč",10,Google,0,0,0,0,0,0,120,0,0,0,0,0
"marine band","marine band 1896 c","0.00 Kč",10,Google,0,0,0,0,120,0,0,0,0,0,0,0
"marine band","hohner harmonica special 20 vs marine band","0.00 Kč",10,Google,0,0,0,0,0,0,120,0,0,0,0,0
"marine band","marine band no 365 made m hohner germany","0.00 Kč",10,Google,0,0,0,0,0,0,0,120,0,0,0,0
"marine band","hohner marine band 1896 c","0.00 Kč",10,Google,0,0,0,0,0,0,0,120,0,0,0,0
"marine band","hohner marine band 1896 classic harmonica key of c","0.00 Kč",10,Google,0,0,0,120,0,0,0,0,0,0,0,0
"marine band","hohner marine band 1896 diatonic harmonica in a","0.00 Kč",10,Google,0,0,0,0,0,0,0,0,120,0,0,0
"marine band","hohner marine band soloist","0.00 Kč",10,Google,0,0,120,0,0,0,0,0,0,0,0,0
"marine band","hohner special 20 marine band c","0.00 Kč",10,Google,0,0,120,0,0,0,0,0,0,0,0,0
"marine band","hohner marine band deluxe vs crossover","0.00 Kč",10,Google,0,0,0,0,0,0,0,0,0,0,0,120
"marine band","hohner marine band 1896 20","0.00 Kč",10,Google,0,0,0,0,0,0,0,0,0,0,120,0
"marine band","hohner marine band a440","0.00 Kč",10,Google,0,0,120,0,0,0,0,0,0,0,0,0
"marine band","hohner marine band crossover g","0.00 Kč",10,Google,0,0,120,0,0,0,0,0,0,0,0,0
"marine band","hohner marine band","0.8 Kč",1,Seznam,1,3,1,1,1,0,2,1,0,1,2,2
"marine band","hohner marine band crossover d dur","0.0 Kč",0,Seznam,0,0,0,0,0,0,0,0,0,0,4,0
"marine band","hohner marine band crossover c","0.6 Kč",0,Seznam,4,0,0,0,0,0,0,0,0,0,0,2
"marine band","hohner marine band crossover a","9.0 Kč",0,Seznam,2,1,0,0,0,1,2,0,0,0,0,0
"marine band","catherine deneuve marine band tremolo","0.0 Kč",0,Seznam,1,1,0,0,0,0,0,0,0,0,0,0
"marine band","harmonika hohner marine band classic","0.0 Kč",0,Seznam,1,0,0,0,0,0,0,0,1,0,0,1
"marine band","marine band crossover","9.0 Kč",0,Seznam,0,1,0,0,0,1,0,0,0,0,0,2
"marine band","hohner marine band thunderbird d-major, low octave","0.0 Kč",0,Seznam,3,0,0,0,0,0,0,0,0,0,0,0
"marine band","chytré hodinky fitbit versa lite - marina blue band /","0.0 Kč",0,Seznam,0,0,0,0,0,2,0,0,0,0,0,0
"marine band","hohner marine band 1896 propack 5-pack (c-, d-, e-, g-, a-major)","0.0 Kč",0,Seznam,0,0,0,0,0,0,0,0,2,0,0,0
"marine band","hohner marine band deluxe a-major","0.0 Kč",0,Seznam,0,0,0,0,1,1,0,0,0,0,0,0
"marine band","panské kalhoty bandi model straight remedi marin","0.0 Kč",0,Seznam,0,0,0,0,0,2,0,0,0,0,0,0
"marine band","crossover marine band hohner a","0.0 Kč",0,Seznam,0,0,0,0,0,0,4,0,0,0,0,0
"marine band","foukací harmonika hohner marine band c","0.0 Kč",0,Seznam,0,0,0,0,0,0,0,0,0,0,0,2
"marine band","grand hotel marien bandi","0.0 Kč",0,Seznam,0,0,0,0,0,0,0,0,0,0,2,0
"marine band","hohner marine band crossover a dur","0.0 Kč",0,Seznam,1,0,0,0,0,0,1,0,0,0,0,0
"marine band","marien band","0.0 Kč",0,Seznam,0,0,0,0,0,0,1,0,0,2,0,0
"marine band","hohner marine band c-major","0.0 Kč",1,Seznam,0,0,0,0,0,0,0,5,4,0,0,0
"marine band","hohner marine band de luxe","0.0 Kč",0,Seznam,1,0,0,0,0,0,0,0,1,0,0,0
"marine band","hohner marine band a","0.0 Kč",0,Seznam,0,0,0,1,0,0,0,0,0,0,0,1
"marine band","hohner marine band deluxe d","0.0 Kč",0,Seznam,0,0,0,0,0,0,1,1,0,0,0,0
"marine band","hohner marine band deluxe bb-major","0.0 Kč",0,Seznam,0,0,0,4,0,0,0,0,0,0,0,0
"marine band","hohner marine band classic c","0.0 Kč",0,Seznam,0,0,0,0,0,0,0,0,0,0,0,4
"marine band","harmonika hohner marine band crossover g","0.0 Kč",0,Seznam,0,0,0,0,0,0,0,0,3,0,0,0
"marine band","marine band","0.0 Kč",0,Seznam,0,0,0,0,0,0,1,0,1,0,1,1
"marine band","hohner marine band c","0.0 Kč",0,Seznam,1,0,0,0,1,0,1,0,0,0,0,0
"marine band","hohner marine band crossover, d-major","0.0 Kč",0,Seznam,0,0,1,0,0,0,0,0,0,1,0,0
"marine band","sada harmonik hohner marine band","0.0 Kč",0,Seznam,0,0,2,0,0,0,0,0,0,0,0,0
"marine band","hohner marine band crossover","0.0 Kč",0,Seznam,0,0,2,1,1,0,0,0,0,0,0,0
"marine band","marine band hamburg","0.0 Kč",0,Seznam,0,0,0,0,0,0,0,0,0,0,3,0
"marine band","hohner marine band crossover, a-major","0.0 Kč",0,Seznam,0,0,0,0,0,2,0,0,0,0,0,0
"marine band","hohner marine band crossover d major","0.0 Kč",0,Seznam,0,0,0,0,0,0,0,0,0,0,3,0
"marine band","hohner marine band classic d","0.0 Kč",0,Seznam,0,0,1,0,0,0,1,1,0,0,1,0
"marine band","hohner marine band deluxe c","0.0 Kč",0,Seznam,0,0,0,0,0,0,2,2,0,0,0,0
"marine band","crossover marine band hohner","0.0 Kč",0,Seznam,0,0,0,0,0,1,1,0,0,0,0,0
"marine band","crossover marine band a hohner","0.0 Kč",0,Seznam,0,0,0,0,0,2,0,0,0,0,0,0
"hohner crossover","hohner crossover","0.00 Kč",10,Google,10,10,10,20,10,10,10,10,10,10,10,10
"hohner crossover","hohner marine band crossover","2.24 Kč",10,Google,10,20,10,10,10,10,10,10,10,10,10,10
"hohner crossover","hohner crossover c","0.00 Kč",10,Google,20,20,0,20,20,20,0,0,0,20,20,20
"hohner crossover","crossover hohner harmonica","0.00 Kč",10,Google,20,20,20,0,20,0,0,0,0,20,20,0
"hohner crossover","hohner crossover harmonica","0.00 Kč",10,Google,20,20,20,0,20,0,0,0,0,20,20,0
"hohner crossover","hohner crossover g","0.00 Kč",10,Google,20,20,0,0,0,20,20,0,0,20,0,20
"hohner crossover","hohner marine band crossover a","0.00 Kč",10,Google,0,0,20,20,0,0,0,0,0,20,20,20
"hohner crossover","hohner marine band crossover c","0.00 Kč",10,Google,0,20,0,20,0,0,20,20,0,20,0,0
"hohner crossover","hohner marine band crossover d","0.00 Kč",10,Google,40,0,0,0,0,0,0,0,0,0,40,40
"hohner crossover","harmonica hohner marine band crossover","0.00 Kč",10,Google,0,0,0,0,0,0,60,0,0,0,0,60
"hohner crossover","hohner marine band crossover harmonica","0.00 Kč",10,Google,60,0,0,0,0,0,0,0,0,60,0,0
"hohner crossover","hohner marine band crossover set","0.00 Kč",10,Google,0,0,0,0,0,60,0,0,0,60,0,0
"hohner crossover","hohner crossover marine band harmonica","0.00 Kč",10,Google,0,0,0,0,0,0,0,0,0,60,0,60
"hohner crossover","hohner crossover a","0.00 Kč",10,Google,0,40,0,40,0,0,0,0,0,0,0,40
"hohner crossover","hohner marine band crossover harmonica key of c","0.00 Kč",10,Google,0,0,0,0,0,0,0,0,0,0,60,60
"hohner crossover","harmonica crossover hohner","0.00 Kč",10,Google,0,0,120,0,0,0,0,0,0,0,0,0
"hohner crossover","hohner marine band crossover vs special 20","0.00 Kč",10,Google,0,0,0,0,120,0,0,0,0,0,0,0
"hohner crossover","hohner crossover set","0.00 Kč",10,Google,0,0,0,0,0,0,0,0,0,0,120,0
"hohner crossover","hohner marine band deluxe vs crossover","0.00 Kč",10,Google,0,0,0,0,0,0,0,0,0,0,0,120
"hohner crossover","hohner marine band crossover g","0.00 Kč",10,Google,0,0,120,0,0,0,0,0,0,0,0,0
"hohner crossover","hohner crossover","0.0 Kč",1,Seznam,2,4,0,0,1,0,0,0,1,0,0,0
"hohner crossover","hohner marine band crossover d dur","0.0 Kč",0,Seznam,0,0,0,0,0,0,0,0,0,0,4,0
"hohner crossover","hohner marine band crossover c","0.6 Kč",0,Seznam,4,0,0,0,0,0,0,0,0,0,0,2
"hohner crossover","hohner marine band crossover a","9.0 Kč",0,Seznam,2,1,0,0,0,1,2,0,0,0,0,0
"hohner crossover","crossover marine band hohner a","0.0 Kč",0,Seznam,0,0,0,0,0,0,4,0,0,0,0,0
"hohner crossover","hohner crossover demo youtube","0.0 Kč",0,Seznam,0,0,0,0,0,0,0,0,0,0,0,3
"hohner crossover","harmonika hohner marine band crossover g","0.0 Kč",0,Seznam,0,0,0,0,0,0,0,0,3,0,0,0
"hohner crossover","hohner marine band crossover a dur","0.0 Kč",0,Seznam,1,0,0,0,0,0,1,0,0,0,0,0
"hohner crossover","hohner marine band crossover, d-major","0.0 Kč",0,Seznam,0,0,1,0,0,0,0,0,0,1,0,0
"hohner crossover","hohner marine band crossover, a-major","0.0 Kč",0,Seznam,0,0,0,0,0,2,0,0,0,0,0,0
"hohner crossover","hohner marine band crossover d major","0.0 Kč",0,Seznam,0,0,0,0,0,0,0,0,0,0,3,0
"hohner crossover","hohner marine band crossover","0.0 Kč",0,Seznam,0,0,2,1,1,0,0,0,0,0,0,0
"hohner crossover","hohner marine crossover","0.0 Kč",0,Seznam,0,0,1,1,0,0,0,0,0,0,0,0
"hohner crossover","crossover marine band hohner","0.0 Kč",0,Seznam,0,0,0,0,0,1,1,0,0,0,0,0
"hohner crossover","crossover marine band a hohner","0.0 Kč",0,Seznam,0,0,0,0,0,2,0,0,0,0,0,0
"special  20","hohner special 20","1.79 Kč",70,Google,70,70,100,70,70,50,50,50,40,70,100,70
"special  20","hohner special 20 c","2.02 Kč",20,Google,40,20,20,10,20,10,10,20,10,30,30,30
"special  20","harmonika hohner special 20","0.00 Kč",10,Google,10,10,10,10,10,10,10,10,10,10,10,10
"special  20","hohner special 20 harmonica","0.00 Kč",10,Google,10,10,10,10,10,10,10,10,10,10,10,10
"special  20","hohner special 20 c major","1.79 Kč",10,Google,10,10,10,10,10,10,10,10,10,10,10,10
"special  20","hohner special 20 classic c","1.57 Kč",10,Google,10,10,10,10,10,10,10,0,0,10,10,10
"special  20","hohner special 20 marine band","0.00 Kč",10,Google,10,10,0,10,10,10,10,10,0,10,0,10
"special  20","hohner special 20 a","0.00 Kč",10,Google,10,10,0,10,10,10,0,10,10,10,10,0
"special  20","hohner special 20 country tuning","0.00 Kč",10,Google,0,10,0,10,10,10,10,10,0,10,10,10
"special  20","hohner special 20 g","0.00 Kč",10,Google,10,10,0,10,10,10,10,10,0,10,10,10
"special  20","hohner special 20 progressive","0.00 Kč",10,Google,10,10,0,0,10,10,10,10,10,10,10,10
"special  20","special 20","1.34 Kč",10,Google,0,0,10,10,10,10,10,10,10,10,10,10
"special  20","hohner special 20 classic","0.00 Kč",10,Google,20,20,20,20,20,0,20,0,0,0,20,20
"special  20","cragganmore 20 year old special releases 2020","0.00 Kč",10,Google,20,20,20,0,0,0,0,0,20,20,20,20
"special  20","fifa 20 special card","0.00 Kč",10,Google,20,20,0,0,20,20,20,20,0,20,0,0
"special  20","hohner special 20 country tuned","0.00 Kč",10,Google,0,0,0,0,20,20,20,20,0,20,20,20
"special  20","special 20 harmonica","0.00 Kč",10,Google,0,0,0,20,20,20,0,20,0,20,20,20
"special  20","hohner special 20 c harmonica","0.00 Kč",10,Google,20,0,20,20,0,20,20,0,20,20,0,0
"special  20","hohner special 20 d","0.00 Kč",10,Google,20,20,0,0,20,0,0,20,20,0,20,20
"special  20","hohner special 20 vs marine band","0.00 Kč",10,Google,20,20,20,0,20,0,20,20,0,0,0,20
"special  20","horner special 20","0.00 Kč",10,Google,20,20,0,0,0,20,0,20,20,0,20,20
"special  20","harmonica hohner special 20","0.00 Kč",10,Google,20,0,20,20,0,0,20,0,0,0,20,20
"special  20","hohner special 20 vs lee oskar","0.00 Kč",10,Google,20,0,20,20,0,0,20,0,0,20,20,0
"special  20","marine band vs special 20","0.00 Kč",10,Google,20,20,20,20,20,0,20,0,0,0,0,0
"special  20","special 20 c","0.00 Kč",10,Google,20,20,20,0,0,20,0,0,20,0,0,0
"special  20","hohner special 20 classic c dur","0.00 Kč",10,Google,0,20,20,20,0,0,0,0,0,20,0,20
"special  20","jabra evolve 20 special edition","0.00 Kč",10,Google,0,20,0,0,0,20,0,20,20,0,20,0
"special  20","hohner special 20 f","0.00 Kč",10,Google,0,20,20,0,20,0,0,20,0,20,0,0
"special  20","hohner special 20 e","0.00 Kč",10,Google,0,0,20,0,20,20,20,0,0,0,0,20
"special  20","hohner blues harp vs special 20","0.00 Kč",10,Google,0,0,0,20,20,0,0,20,0,20,0,20
"special  20","hohner special 20 c dur","0.00 Kč",10,Google,20,20,20,0,0,0,20,0,0,0,0,20
"special  20","hohner special 20 progressive vs marine band","0.00 Kč",10,Google,0,0,40,0,40,0,40,0,0,0,0,0
"special  20","law and order special victims unit season 16 episode 20","0.00 Kč",10,Google,0,30,0,0,0,30,30,30,0,0,0,0
"special  20","marine band special 20","0.00 Kč",10,Google,0,0,30,0,0,0,30,0,0,30,0,30
"special  20","osram led star special t26 20 e14","0.00 Kč",10,Google,40,0,40,0,0,0,0,40,0,0,0,0
"special  20","fifa 20 career mode potential to be special","0.00 Kč",10,Google,0,0,0,0,0,40,40,0,40,0,0,0
"special  20","hohner special 20 pack","0.00 Kč",10,Google,30,0,0,30,0,0,0,30,0,0,0,30
"special  20","hohner special 20 or marine band","0.00 Kč",10,Google,0,0,30,30,0,30,0,0,0,0,0,30
"special  20","hohner special 20 country","0.00 Kč",10,Google,30,30,0,0,0,0,0,0,0,30,30,0
"special  20","hohner special 20 marine band harmonica","0.00 Kč",10,Google,30,0,0,0,0,0,0,0,30,30,30,0
"special  20","special 20 hohner c","0.00 Kč",10,Google,30,30,0,0,30,0,0,30,0,0,0,0
"special  20","special card fifa 20","0.00 Kč",10,Google,0,0,0,0,30,30,0,0,30,0,0,30
"special  20","hohner blues band vs special 20","0.00 Kč",10,Google,60,0,0,0,0,0,0,0,0,60,0,0
"special  20","fifa 20 ps4 special edition","0.00 Kč",10,Google,0,0,0,60,60,0,0,0,0,0,0,0
"special  20","fifa 20 special","0.00 Kč",10,Google,0,0,60,0,0,0,0,0,0,60,0,0
"special  20","hohner c special 20","0.00 Kč",10,Google,0,0,0,0,0,0,60,0,0,0,60,0
"special  20","special 20 a","0.00 Kč",10,Google,0,60,0,0,0,0,0,0,0,0,0,60
"special  20","hohner harmonica special 20 c","0.00 Kč",10,Google,0,0,0,0,60,0,0,0,0,0,0,60
"special  20","special 20 progressive","0.00 Kč",10,Google,40,0,40,0,0,0,0,0,0,40,0,0
"special  20","hohner special 20 harmonica h560","0.00 Kč",10,Google,0,40,0,40,0,0,40,0,0,0,0,0
"special  20","fifa 20 special packs","0.00 Kč",10,Google,0,0,0,0,0,60,0,0,60,0,0,0
"special  20","hohner special 20 harmonica set","0.00 Kč",10,Google,80,0,0,0,0,0,0,0,0,40,0,0
"special  20","hohner 560 special 20","0.00 Kč",10,Google,40,0,0,0,0,0,0,0,0,40,0,40
"special  20","hohner special 20 classic c test","0.00 Kč",10,Google,40,40,0,0,0,0,0,40,0,0,0,0
"special  20","hohner special 20 for beginners","0.00 Kč",10,Google,0,0,0,60,0,0,60,0,0,0,0,0
"special  20","hohner special 20 review","0.00 Kč",10,Google,0,0,0,0,0,60,0,60,0,0,0,0
"special  20","hohner special 20 vs golden melody","0.00 Kč",10,Google,0,60,0,60,0,0,0,0,0,0,0,0
"special  20","hohner golden melody vs special 20","0.00 Kč",10,Google,0,0,40,0,0,40,0,0,0,0,0,40
"special  20","hohner harmonica special 20 marine band","0.00 Kč",10,Google,0,0,0,0,0,0,0,0,40,40,40,0
"special  20","hohner rocket vs special 20","0.00 Kč",10,Google,0,60,0,0,60,0,0,0,0,0,0,0
"special  20","hohner special 20 classic c major","0.00 Kč",10,Google,0,0,60,60,0,0,0,0,0,0,0,0
"special  20","hohner special 20 set","0.00 Kč",10,Google,0,0,40,0,40,0,0,0,0,0,40,0
"special  20","hohner 20 special harmonica","0.00 Kč",10,Google,0,60,60,0,0,0,0,0,0,0,0,0
"special  20","hohner special 20 cena","0.00 Kč",10,Google,0,40,0,40,0,0,0,0,0,0,0,40
"special  20","note 20 special edition","0.00 Kč",10,Google,0,0,0,0,0,0,0,120,0,0,0,0
"special  20","harmonica hohner special 20 c","0.00 Kč",10,Google,0,0,0,0,120,0,0,0,0,0,0,0
"special  20","fifa 20 special edition ps4","0.00 Kč",10,Google,0,0,0,0,0,0,0,0,0,0,0,120
"special  20","hohner marine band crossover vs special 20","0.00 Kč",10,Google,0,0,0,0,120,0,0,0,0,0,0,0
"special  20","special 20 hohner harmonica","0.00 Kč",10,Google,0,0,0,0,0,0,0,120,0,0,0,0
"special  20","hohner special 20 g harmonica","0.00 Kč",10,Google,0,0,0,0,0,0,0,120,0,0,0,0
"special  20","special 20 vs blues harp","0.00 Kč",10,Google,0,0,0,0,0,120,0,0,0,0,0,0
"special  20","hohner special 20 low d","0.00 Kč",10,Google,0,0,0,120,0,0,0,0,0,0,0,0
"special  20","special 20 g","0.00 Kč",10,Google,0,0,0,0,0,0,0,0,0,0,0,120
"special  20","hohner special 20 progressive review","0.00 Kč",10,Google,0,0,0,0,0,0,0,0,0,0,120,0
"special  20","hohner harmonica special 20 vs marine band","0.00 Kč",10,Google,0,0,0,0,0,0,120,0,0,0,0,0
"special  20","hohner special 20 5 pack","0.00 Kč",10,Google,120,0,0,0,0,0,0,0,0,0,0,0
"special  20","hohner special 20 c progressive harmonica","0.00 Kč",10,Google,0,0,0,0,0,0,0,0,0,0,120,0
"special  20","hohner special 20 harmonica key of g","0.00 Kč",10,Google,0,0,0,0,0,0,0,0,0,0,0,120
"special  20","hohner special 20 harmonica major c","0.00 Kč",10,Google,0,0,0,0,0,0,0,0,0,120,0,0
"special  20","hohner special 20 marine band c","0.00 Kč",10,Google,0,0,120,0,0,0,0,0,0,0,0,0
"special  20","hohner 560 special 20 harmonica","0.00 Kč",10,Google,120,0,0,0,0,0,0,0,0,0,0,0
"special  20","hohner special 20 classic c mızıka do majör","0.00 Kč",10,Google,120,0,0,0,0,0,0,0,0,0,0,0
"special  20","hohner special 20 low f","0.00 Kč",10,Google,0,0,0,0,0,0,0,120,0,0,0,0
"special  20","hohner special 20 progressive vs classic","0.00 Kč",10,Google,0,0,0,0,0,0,0,0,0,0,120,0
"special  20","hohner special 20 brass comb double reed plate","0.00 Kč",10,Google,0,0,0,0,0,0,0,0,0,120,0,0
"special  20","hohner special 20 ms","0.00 Kč",10,Google,0,0,0,0,0,0,0,0,0,0,120,0
"special  20","2derm reha special barierový krém 20 ml","3.11 Kč",29,Seznam,23,14,37,53,28,33,34,31,23,17,22,34
"special  20","hohner special 20","7.34 Kč",2,Seznam,4,4,1,2,0,1,0,2,2,0,0,6
"special  20","winmau mervyn king special edition 20 g","0.0 Kč",0,Seznam,2,4,0,0,0,0,0,0,0,0,0,0
"special  20","podložka kufru pro sr8707 special rack benelli imperiale 400 (20) pro monolock","0.0 Kč",0,Seznam,0,0,0,0,0,0,0,0,0,0,0,0
"special  20","carp servis václavík boilies boss2 speciál 20 mm/1 kg","3.3 Kč",6,Seznam,3,0,1,9,14,7,6,9,9,3,2,3
"special  20","suma special 20 l sande","0.0 Kč",0,Seznam,0,4,0,0,0,0,0,0,0,0,0,0
"special  20","chesterfield special ks psb 20 lpe","0.0 Kč",0,Seznam,0,4,0,0,0,0,0,0,0,0,0,0
"special  20","jet fish special amur booster 20 mm/120 g vodní rákos","0.0 Kč",1,Seznam,0,3,0,1,0,3,1,3,0,0,0,0
"special  20","modrá planeta ii – speciál o průběhu natáčení čt2 24.2.2022 14:20","0.0 Kč",0,Seznam,0,0,0,0,0,0,0,0,0,0,0,0
"special  20","pre proud komfort speciál přímotop 20","0.0 Kč",0,Seznam,0,0,0,0,0,0,0,0,0,0,0,0
"special  20","lk baits amur special pellets 20 m 1 kg","0.0 Kč",1,Seznam,0,3,1,0,0,1,1,5,3,0,0,0
"special  20","hohner foukací harmonika 20 special","9.45 Kč",0,Seznam,0,0,0,0,0,0,0,0,0,0,0,0
"special  20","jet fish boilie special amur 20 mm/800 g","0.0 Kč",1,Seznam,0,0,2,1,6,4,0,0,1,0,0,0
"special  20","muzik city praha9 foukací harmoniku honner special 20","2.5 Kč",0,Seznam,0,0,0,0,0,0,0,0,0,0,0,0
"special  20","special tec aa0w 20 5 l","0.0 Kč",0,Seznam,2,0,0,0,0,0,0,0,0,0,0,0
"special  20","speciál čt24 - válka na ukrajině pokračuje 5. 3. 2022, 20:06","0.0 Kč",0,Seznam,0,0,0,0,0,0,0,0,0,0,0,0
"special  20","zenith pilot type 20 extra special","0.83 Kč",0,Seznam,0,2,0,0,0,0,0,0,0,0,0,0
"special  20","20 ruských speciálů zamířil na východ","0.0 Kč",0,Seznam,0,0,0,0,0,0,0,0,0,0,0,0
"special  20","jet fish special carp baits 20 mm/800 g kukuřice","0.0 Kč",1,Seznam,0,2,1,1,0,0,1,2,1,0,0,0
"special  20","sr8707 special rack benelli imperiale 400 (20) pro monolock","0.0 Kč",0,Seznam,0,0,0,0,0,1,0,0,0,0,0,0
"special  20","s - line special 20 kg","0.9 Kč",2,Seznam,0,1,2,2,1,2,3,0,2,3,2,2
"special  20","chesterfield special ks rcb 20 lpe 121.00 g","0.0 Kč",0,Seznam,0,2,0,0,0,0,0,0,0,0,0,0
"special  20","muzik city praha9 foukací harmoniku hohner special 20","0.0 Kč",0,Seznam,0,0,0,0,0,0,0,0,0,0,0,0
"special  20","special tec aaow 20 5 l","0.0 Kč",0,Seznam,2,0,0,0,0,0,0,0,0,0,0,0
"special  20","muzik city honner special 20","0.0 Kč",0,Seznam,0,0,0,0,0,0,0,0,0,0,0,0
"special  20","hohner special 20 classic c","1.9 Kč",2,Seznam,2,1,1,0,1,1,1,9,8,1,1,0
"special  20","mak speciale 5x112 20"" et41","0.0 Kč",0,Seznam,0,0,0,0,0,0,0,0,0,0,0,0
"special  20","hohner special 20 classic 560/20 pro pack","0.0 Kč",0,Seznam,0,1,0,0,1,0,0,0,0,0,0,1
"special  20","lk baits amur special pellets 20 mm 10 kg","0.0 Kč",0,Seznam,0,1,0,0,0,1,0,1,0,0,0,0
"special  20","liqui moly special tec aa 5w-20 20 l","0.0 Kč",0,Seznam,2,0,0,0,0,0,0,0,0,0,0,0
"special  20","zenith pilot type 20 extra special café racer","0.92 Kč",0,Seznam,1,0,0,0,0,0,0,0,0,0,0,1
"special  20","harmonika special 20","2.6 Kč",0,Seznam,0,1,0,0,0,0,0,0,0,1,0,0
"special  20","diatonická foukací harmonika special 20 c","0.0 Kč",0,Seznam,0,0,0,2,0,0,0,0,0,0,0,0
"special  20","ozon 20 special care (sc)","0.0 Kč",0,Seznam,0,0,2,0,0,0,0,0,0,0,0,0
"special  20","lk baits boilie amur special 20 mm/5 kg spice shrimp","0.0 Kč",0,Seznam,0,0,1,0,0,2,0,0,1,0,0,0
"special  20","michelin pilot super special 305/30 zr 20","0.0 Kč",1,Seznam,0,0,0,0,0,0,0,9,0,0,0,0
"special  20","2derm reha special barierový krém 20 ml diskuze","0.0 Kč",0,Seznam,0,0,2,2,2,0,0,0,0,0,0,0
"special  20","hohner special 20 g","0.0 Kč",0,Seznam,0,0,0,1,0,1,0,0,0,0,0,0
"special  20","special 20","0.0 Kč",0,Seznam,1,0,0,1,0,0,0,0,0,0,0,0
"special  20","hohner special 20 propack","0.0 Kč",0,Seznam,0,0,0,0,0,0,0,0,0,0,0,2
"special  20","foukací harmonika hohner special 20","0.0 Kč",0,Seznam,0,0,1,0,1,0,0,0,1,0,0,0
"special  20","liqui moly special tec dx1 5w-30 20 l","0.0 Kč",0,Seznam,0,0,0,0,0,0,1,2,0,3,0,0
"special  20","závěsný set wc ideal standard tesi rimless + modul geberit duofix speciál s tlačítkem sigma 20","0.0 Kč",0,Seznam,0,0,0,0,0,0,0,0,0,3,0,0
"special  20","naboj r. 20 hubertus special","0.0 Kč",0,Seznam,0,0,0,0,0,0,0,0,0,0,2,0
"special  20","harmonika hohner special 20","0.0 Kč",0,Seznam,0,0,0,0,0,0,1,0,2,0,1,0
"special  20","hohner special 20 classic g","0.0 Kč",0,Seznam,0,0,0,0,0,0,0,0,0,0,1,1
"special  20","hohner speciál 20","0.0 Kč",1,Seznam,1,0,0,1,0,0,0,6,0,0,0,0
"special  20","harmonika special 20 c","0.0 Kč",0,Seznam,0,0,0,2,0,0,0,0,0,0,0,0
"special  20","hohner special 20 classic a","0.0 Kč",0,Seznam,0,0,0,0,1,1,1,0,0,0,0,0
"special  20","hohner speciál 20 a","0.0 Kč",0,Seznam,0,0,0,0,0,3,0,0,0,0,0,0
"special  20","harry potter 20 speciál celý film","0.0 Kč",0,Seznam,3,0,0,0,0,0,0,0,0,0,0,0
"special  20","závěsný set wc ideal standard tesi rimless + modul geberit duofix speciál s tlačítkem sigma 20 (bílá/chrom lesk) 111.355.00.5 ne4","0.0 Kč",0,Seznam,0,0,0,0,0,0,0,0,0,5,0,0
"special  20","hohner special 20 c country ladění","0.0 Kč",0,Seznam,0,0,0,5,0,0,0,0,0,0,0,0
"special  20","kanár speciál 20 kg","0.0 Kč",0,Seznam,0,0,4,0,0,0,0,0,0,0,0,0
"special  20","hohner special 20 c","0.0 Kč",0,Seznam,0,0,1,0,1,0,0,1,0,0,1,0
"special  20","hohner speciál 20, levne","0.0 Kč",0,Seznam,0,0,0,0,2,0,0,0,0,0,0,0
"special  20","speciál čt24 - 20 let od tragického 11. září na tv čt 24","0.0 Kč",1,Seznam,0,0,0,0,0,0,0,0,7,1,0,0
"special  20","foukací harmoniky hohner special 20 country d-dur ladění","0.0 Kč",0,Seznam,0,0,0,2,0,0,0,0,0,0,0,0
"special  20","foukací harmonika hohner special 20 d g","0.0 Kč",0,Seznam,0,0,0,0,0,0,0,0,0,3,0,0
"special  20","hohner special 20 country tuning d","0.0 Kč",0,Seznam,0,0,0,2,0,0,0,0,0,0,0,0
"special  20","hohner special 20 country tuning 560/20 c","0.0 Kč",0,Seznam,0,0,0,0,1,0,1,0,0,0,0,0
"special  20","lux náhradní akumulátor special edition 20 v li-ion","0.0 Kč",0,Seznam,1,0,0,0,0,0,0,0,0,0,1,0
"special  20","foukací harmonika hohner special 20 g","0.0 Kč",1,Seznam,1,0,0,0,0,0,0,0,0,4,6,5
"special  20",http//https://www.creafx.com/en/special-make-up-effects/carmen-silicone-mask/737%20%e2%82%ac,"0.0 Kč",0,Seznam,0,0,0,0,0,0,3,0,0,0,0,0
"special  20","hohner special 20 country tuning c-major foukací harmonika","0.0 Kč",0,Seznam,0,0,3,0,0,0,0,0,0,0,0,0
"special  20","harry potter 20 speciál","0.0 Kč",0,Seznam,2,0,0,0,0,0,0,0,0,0,0,0
"special  20","dětské kolo 20 special","0.0 Kč",0,Seznam,0,0,2,0,0,0,0,0,0,0,0,0
"special  20","hohner special 20 a","0.0 Kč",0,Seznam,1,0,0,0,0,0,1,0,0,0,0,3
"special  20","studentský speciál a4 blok 5 x 20 linkovaných listů","0.0 Kč",0,Seznam,0,0,0,1,0,2,0,0,1,0,0,0
"special  20","detske kolo 20 special","0.0 Kč",0,Seznam,0,0,2,0,0,0,0,0,0,0,0,0
"special  20","harmonika hohner speciál 20 c dur diatonická","0.0 Kč",0,Seznam,0,0,0,0,4,1,0,0,0,0,0,0
"special  20","hohner special 20 f major country","0.0 Kč",1,Seznam,0,0,6,1,0,0,0,0,0,0,0,0
"special  20","kolo bmx 20 special","0.0 Kč",0,Seznam,0,0,4,0,0,0,0,0,0,0,0,0
"special  20","hohner classic special 20","0.0 Kč",0,Seznam,0,0,0,0,0,0,0,2,0,0,0,0
"special  20","led special t26 20","0.0 Kč",0,Seznam,2,0,0,0,0,0,0,0,0,0,1,0
"special  20","drinkgas special 79,3% n2 + 20% co2 + 0,7% o2 5l opava","0.0 Kč",0,Seznam,0,0,0,0,0,2,0,0,0,0,0,0
"special  20","foukací harmoniky hohner special 20","0.0 Kč",1,Seznam,0,0,9,1,0,0,0,0,0,0,0,0
"special  20","hohner special 20 classic e","0.0 Kč",0,Seznam,0,0,0,0,0,0,0,0,2,0,0,1
"special  20","nazouváky scholl - moldava 20 special f29396 1044 350 orange","0.0 Kč",0,Seznam,0,0,0,0,0,0,3,0,0,0,0,0
"special  20","hohner special 20 d-major","0.0 Kč",0,Seznam,0,0,0,2,0,0,0,0,0,0,0,0
"special  20","carp servis václavík boss2 special 20 mm/2,5 kg viktor x","0.0 Kč",0,Seznam,0,0,0,0,0,0,0,5,0,0,0,0
"special  20","royal canin special club pro energy he 20 na kg","0.0 Kč",0,Seznam,0,0,0,0,2,0,0,0,0,0,0,0
"special  20","hrebickove cigarety djarum special 20","0.0 Kč",0,Seznam,0,0,0,0,0,0,0,0,2,0,0,0
"special  20","harney & sons wedding tea special edition 20 x 2,5 g","0.0 Kč",1,Seznam,0,0,3,0,1,1,0,0,0,1,1,0
"special  20","hohner special 20 country tuning","0.0 Kč",0,Seznam,0,0,0,0,1,0,0,0,1,0,0,0
"special  20","drinkgas special 79,3% n2 + 20% co2 + 0,7% o2 5l","0.0 Kč",0,Seznam,0,0,0,0,0,2,0,0,0,0,0,0
seydel,"seydel harmonica","12.10 Kč",20,Google,20,20,20,30,20,20,20,20,20,20,40,20
seydel,seydel,"0.00 Kč",10,Google,10,10,10,10,10,10,10,10,10,10,10,10
seydel,"le seyde","0.00 Kč",10,Google,10,0,10,0,0,10,10,10,60,0,20,0
seydel,"seydel 1847","0.00 Kč",10,Google,10,20,10,10,10,10,10,10,10,10,10,10
seydel,"ca seydel","0.00 Kč",10,Google,10,10,10,10,10,10,10,10,10,10,10,10
seydel,"seydel 1847 classic","0.00 Kč",10,Google,10,10,10,10,0,10,0,10,0,10,10,10
seydel,"seydel 1847 lightning","0.00 Kč",10,Google,10,10,10,10,10,0,10,10,0,10,10,0
seydel,"ca seydel sohne","0.00 Kč",10,Google,20,0,20,0,0,0,20,20,0,20,20,0
seydel,"mitsuoka le seyde for sale","0.00 Kč",10,Google,0,0,20,0,0,0,20,20,20,20,0,20
seydel,"seydel 1847 noble","0.00 Kč",10,Google,20,20,0,20,0,0,0,0,0,20,0,20
seydel,"seydel blues session","0.00 Kč",10,Google,0,20,0,20,20,0,0,0,0,20,20,0
seydel,"seydel solist pro","0.00 Kč",10,Google,20,0,0,0,20,0,0,20,0,20,0,20
seydel,"seydel 1847 lightning c","0.00 Kč",10,Google,0,0,0,0,0,60,0,0,0,60,0,0
seydel,seydea,"0.00 Kč",10,Google,0,60,0,60,0,0,0,0,0,0,0,0
seydel,"seydel noble","0.00 Kč",10,Google,60,0,0,0,0,0,0,0,0,0,60,0
seydel,"seydel 1847 classic c","0.00 Kč",10,Google,0,0,0,0,0,0,0,40,40,40,0,0
seydel,"seydel orchestra","0.00 Kč",10,Google,0,0,0,60,0,0,0,0,0,60,0,0
seydel,"seydel blues classic 1847 harmonica c","0.00 Kč",10,Google,0,0,0,0,0,0,0,0,120,0,0,0
seydel,"seydel blues solist pro","0.00 Kč",10,Google,0,0,0,0,0,0,0,0,0,0,0,120
seydel,"seydel triola 12","0.00 Kč",10,Google,0,0,120,0,0,0,0,0,0,0,0,0
seydel,"seydel 1847 noble harmonica","0.00 Kč",10,Google,120,0,0,0,0,0,0,0,0,0,0,0
seydel,"seydel chromatic harmonica","0.00 Kč",10,Google,0,0,0,0,0,0,0,0,0,0,120,0
seydel,"seydel major cross","0.00 Kč",10,Google,0,0,120,0,0,0,0,0,0,0,0,0
seydel,"zdeněk seydl","0.0 Kč",3,Seznam,8,2,6,1,3,10,1,0,1,4,4,1
seydel,"seydl zdenek","0.0 Kč",1,Seznam,0,9,0,0,0,0,1,0,0,0,0,0
seydel,"zdenek seydl","0.0 Kč",4,Seznam,5,3,3,17,4,1,0,2,1,5,2,4
seydel,"seydel blues session steel low f","0.0 Kč",0,Seznam,0,6,0,0,0,0,0,0,0,0,0,0
seydel,"foukací harmoniky seydel blues shop","6.2 Kč",1,Seznam,4,0,0,0,0,0,1,0,0,2,1,0
seydel,"seydel foukací harmoniku 31400","9.88 Kč",0,Seznam,3,0,0,0,0,0,0,0,0,0,0,0
seydel,"seydel söhne session steel lowf","0.0 Kč",0,Seznam,0,3,0,0,0,0,0,0,0,0,0,0
seydel,"michaela beznosková seydlová","0.0 Kč",1,Seznam,3,0,0,2,2,1,1,1,2,2,2,0
seydel,"mudr.michaela beznoskova seydlova","0.0 Kč",0,Seznam,0,2,0,0,0,0,0,0,0,0,0,0
seydel,"foukací harmoniky seydel c","2.81 Kč",0,Seznam,2,0,0,0,0,0,0,0,0,0,0,0
seydel,"foukací harmoniky seydel","0.0 Kč",1,Seznam,1,1,1,0,0,0,8,0,0,1,0,0
seydel,"mudr. seydlova praha 7","0.0 Kč",0,Seznam,4,2,0,0,0,0,0,0,0,0,0,0
seydel,"všímavost: cesta ke zklidnění mysli pro ty, co nestíhají - sinclair michael, seydel josie","0.0 Kč",2,Seznam,8,2,2,2,2,4,1,0,0,1,0,2
seydel,"seydlovo náměstí 30 berouně","0.0 Kč",0,Seznam,0,2,0,0,0,0,0,0,0,0,0,0
seydel,"seydel foukací harmoniku","0.0 Kč",0,Seznam,2,0,0,0,0,0,0,0,0,0,0,0
seydel,"seydel steel","0.0 Kč",0,Seznam,0,1,0,0,0,0,0,3,0,0,0,0
seydel,"seydel session steel","0.0 Kč",0,Seznam,0,1,0,0,0,1,2,0,0,0,1,0
seydel,"ca seydel sohne club steel 31400","0.0 Kč",1,Seznam,1,0,0,0,0,0,0,3,2,1,0,0
seydel,seydel,"0.0 Kč",1,Seznam,0,1,0,0,0,0,2,2,2,0,0,0
seydel,"ca seydel","0.0 Kč",0,Seznam,0,1,0,0,0,0,0,2,0,0,0,0
seydel,"seydel harmonika","1.7 Kč",0,Seznam,0,1,0,1,1,0,0,0,0,0,0,0
seydel,"foukací harmonika seydel","0.0 Kč",0,Seznam,0,0,0,0,0,0,0,1,0,1,0,0
seydel,"andy seydl","0.0 Kč",0,Seznam,0,0,0,0,0,2,0,0,0,0,0,0
seydel,"martin seydl","0.0 Kč",1,Seznam,1,0,0,1,1,0,2,2,0,1,0,0
seydel,"seydel 1847","0.0 Kč",0,Seznam,1,0,0,0,0,0,0,0,0,0,0,1
seydel,"seydel session c","0.0 Kč",0,Seznam,0,0,0,0,0,0,0,0,0,3,0,0
seydel,"seydl zdeněk grafika","0.0 Kč",0,Seznam,0,0,0,4,0,0,0,0,0,0,0,0
seydel,"seydel söhne","0.0 Kč",0,Seznam,0,0,0,0,0,0,0,3,0,0,0,0
seydel,"c.a. seydel","0.0 Kč",0,Seznam,0,0,0,0,0,0,0,0,0,0,0,3
seydel,"michaela beznosková seydlová, mudr. phd.","0.0 Kč",0,Seznam,0,0,0,0,0,0,0,0,0,0,0,2
seydel,"když se dva potkají - seydl","0.0 Kč",0,Seznam,0,0,0,0,0,0,0,0,0,2,0,0
seydel,"mudr seydlova","0.0 Kč",0,Seznam,1,0,0,0,2,0,0,0,0,0,0,0
seydel,"rabina group, s.r.o. - seydlovo nám. 25/4, beroun","0.0 Kč",0,Seznam,0,0,0,0,0,0,0,0,0,0,0,2
seydel,"seydel harmoniky","0.0 Kč",0,Seznam,0,0,0,0,0,1,1,0,0,0,0,0
seydel,"harmoniky seydel","0.0 Kč",1,Seznam,0,0,0,1,0,0,6,0,0,2,2,0
seydel,"seydel klingenthal","0.0 Kč",0,Seznam,0,0,0,0,0,0,1,0,0,0,0,2
seydel,"seydl růže z pouti","0.0 Kč",0,Seznam,0,0,0,0,0,0,0,0,0,0,2,0
seydel,"zdeněk seydl - kresba","0.0 Kč",0,Seznam,0,0,0,0,0,3,0,0,0,0,0,0
seydel,"odběrová sestra synlab praha 5 seydlova 2451/8","0.0 Kč",0,Seznam,0,0,0,2,0,0,0,0,0,0,0,0
seydel,"seydel saxony","0.0 Kč",0,Seznam,0,0,0,0,0,0,0,0,2,0,0,0
seydel,"držák seydel","0.0 Kč",0,Seznam,4,0,0,0,0,0,0,0,0,0,0,0
seydel,"ca seydel söhne fanfare s tremolo","0.0 Kč",1,Seznam,0,0,0,0,0,0,0,0,8,0,0,0
seydel,"harmonika seydel","0.0 Kč",0,Seznam,0,0,1,1,0,0,0,0,1,2,0,0
seydel,"laboratoř poliklinika lípa seydlova praha 5","0.0 Kč",0,Seznam,0,0,0,0,0,0,0,0,0,2,0,0
seydel,"micaela seydlová zubní ordinace a pracoviště","0.0 Kč",0,Seznam,0,0,0,2,0,0,0,0,0,0,0,0
seydel,"mudr. michaela seydlová beznosková ordinační hodiny","0.0 Kč",0,Seznam,0,0,0,0,3,0,0,0,0,0,0,0
seydel,"seydel 12-ti dírková harmonika","0.0 Kč",0,Seznam,0,0,0,1,0,0,1,0,0,0,0,0
seydel,"seydel tremolo foukací harmoniku","0.0 Kč",0,Seznam,0,0,3,0,0,0,0,0,0,0,0,0
seydel,"ing. seydlová pavlina","0.0 Kč",0,Seznam,2,0,0,0,0,0,0,0,0,0,0,0
seydel,"seydel chromatika","0.0 Kč",0,Seznam,0,0,0,1,0,2,0,0,0,0,0,0
seydel,"seydel fanfare 12-ti dírková harmonika","0.0 Kč",0,Seznam,0,0,0,0,0,0,2,0,0,0,0,0
seydel,"seydel club steel d","0.0 Kč",0,Seznam,0,0,0,0,0,0,0,3,0,0,0,0
seydel,"seydel sessions","0.0 Kč",1,Seznam,0,0,0,0,0,0,0,0,0,0,12,0
seydel,"c.a. seydel söhne blues session steel 10301 c","0.0 Kč",0,Seznam,2,0,0,0,0,0,1,0,0,0,0,0
seydel,"stomatologie přidat k oblíbeným dostálová tatjana, seydlová michaela ...","0.0 Kč",0,Seznam,0,0,0,0,0,0,0,1,1,0,0,0
seydel,"seydl wikipedie","0.0 Kč",0,Seznam,0,0,0,0,2,0,0,0,0,0,0,0
seydel,"seydlova ing","0.0 Kč",0,Seznam,0,0,0,0,0,0,0,0,0,0,2,0
seydel,"italské pohádky seydl","0.0 Kč",0,Seznam,2,0,0,0,0,0,0,0,0,0,0,0
seydel,"zdeněk seydel","0.0 Kč",0,Seznam,0,0,1,0,0,0,1,0,0,0,0,0
seydel,"mudr. michaela beznosková seydlová","0.0 Kč",0,Seznam,0,0,0,1,2,0,0,0,0,1,2,0
seydel,"seydlová zubarka holesovice","0.0 Kč",0,Seznam,0,0,2,0,0,0,0,0,0,0,0,0
seydel,"google ing. seydlová pavla louny","0.0 Kč",0,Seznam,2,0,0,0,0,0,0,0,0,0,0,0
seydel,"seydel söhne blues session steel adur","0.0 Kč",0,Seznam,0,0,0,0,2,0,0,0,0,0,0,0
seydel,"kontakt poliklinika lípa seydlova","0.0 Kč",0,Seznam,0,0,0,0,0,0,0,0,0,0,2,0
seydel,"drzak na foukací harmoniku seydel","0.0 Kč",0,Seznam,0,0,0,0,0,0,0,2,0,0,0,0
seydel,"ca seydel držák foukací harmoniky","0.0 Kč",0,Seznam,0,0,0,0,0,0,0,1,0,1,0,0
seydel,"volné místo odběrová sestra praha 5 seydlova 2451/8","0.0 Kč",0,Seznam,0,0,0,3,0,0,0,0,0,0,0,0
seydel,"mudr seydlova ortenovo","0.0 Kč",0,Seznam,0,0,0,0,0,0,0,0,4,2,0,0
seydel,"seydel foukací harmonika","0.0 Kč",0,Seznam,0,0,0,0,0,2,0,0,0,0,0,0
seydel,"seydl zdeněk","0.0 Kč",1,Seznam,0,0,0,0,0,0,0,0,1,4,6,1
seydel,"seydlovo náměstí 30/6 beroun","0.0 Kč",0,Seznam,0,0,0,1,0,0,0,0,0,0,1,0
seydel,"c.a. seydel söhne sampler d","0.0 Kč",0,Seznam,0,0,0,0,0,0,0,0,0,0,2,0
seydel,"seydlovo namesti beroun","0.0 Kč",0,Seznam,0,0,0,0,0,0,0,0,2,1,0,0
seydel,"ing michal seydl","0.0 Kč",0,Seznam,0,0,0,0,0,0,0,0,0,0,0,5
seydel,"foukací harmoniky seydel diskuze","0.0 Kč",0,Seznam,0,0,0,0,0,0,3,0,0,0,0,0
seydel,"otto seydl","0.0 Kč",0,Seznam,0,0,0,0,0,0,0,2,0,0,0,0
seydel,"kadeřnictví beroun seydlovo namesti","0.0 Kč",0,Seznam,0,0,0,0,0,0,2,0,0,0,0,0
seydel,"seydel orchestra","0.0 Kč",0,Seznam,0,0,1,1,0,0,0,0,0,0,0,0
seydel,"ca seydel sohne fanfare s tremolo","0.0 Kč",0,Seznam,0,0,0,0,0,0,0,6,0,0,0,0
seydel,"seydel foukaci harmoniky držák","0.0 Kč",0,Seznam,0,0,0,0,0,0,0,4,0,0,0,0
seydel,"katolická mateřská škola seydlovo náměstí 15 beroun","0.0 Kč",0,Seznam,0,0,2,0,0,0,0,0,0,0,0,0
seydel,"pedostomatologie: vybrané kapitoly - michaela seydlová","0.0 Kč",0,Seznam,0,0,0,0,0,0,0,2,0,0,0,0
seydel,"růžena seydlová","0.0 Kč",0,Seznam,0,0,0,0,0,0,0,0,2,0,0,0
seydel,"seydlovo náměstí 30 beroun","0.0 Kč",0,Seznam,0,0,0,0,0,0,0,0,0,1,0,1
seydel,"michaela beznosková seydlová ortenovo náměstí","0.0 Kč",0,Seznam,0,0,0,0,0,0,0,0,0,0,6,0
seydel,"malir seydl","0.0 Kč",0,Seznam,0,0,0,1,0,0,0,0,0,1,0,0
seydel,"pedostomatologie michaela seydlová","0.0 Kč",0,Seznam,0,0,0,0,0,0,0,0,2,0,0,0
seydel,"pneu-host sro lípa centrum seydlova 2451 praha5 nové butovice","0.0 Kč",0,Seznam,0,0,0,0,3,0,0,0,0,0,0,0
seydel,seydl,"0.0 Kč",5,Seznam,0,0,0,3,5,1,11,1,1,0,16,18
seydel,"stomatologie seydlova","0.0 Kč",0,Seznam,0,0,0,0,0,0,0,0,2,0,0,0
seydel,"mudr. michaela seydlova","0.0 Kč",0,Seznam,0,0,0,0,0,0,0,0,2,0,0,0
seydel,"seydlovo náměstí beroun","0.0 Kč",1,Seznam,0,0,0,1,0,0,0,0,0,2,0,4
seydel,"foukací harmoniky seydel blues shop face book","0.0 Kč",0,Seznam,0,0,0,0,0,0,2,2,0,1,0,0
seydel,"josef antonín seydl","0.0 Kč",0,Seznam,0,0,0,0,0,0,0,0,1,1,0,0
seydel,"seydel session","0.0 Kč",1,Seznam,0,0,0,0,0,0,0,0,0,9,0,0
seydel,"harmonika seydel country","0.0 Kč",0,Seznam,0,0,2,0,0,0,0,0,0,0,0,0
seydel,"seydlovo náměstí","0.0 Kč",0,Seznam,2,0,0,0,0,0,0,0,0,1,0,0
seydel,"seydlovo náměstí 30/6, 26601 beroun centrum judr. pelouch","0.0 Kč",0,Seznam,0,0,0,2,0,0,0,0,0,0,0,0
seydel,"beroun seydlovo náměstí","0.0 Kč",0,Seznam,0,0,0,3,0,1,0,0,0,1,0,1
seydel,"seydel stylle s orhestrion","0.0 Kč",0,Seznam,0,0,0,0,0,0,2,0,0,0,0,0
seydel,"ruth seydlová","0.0 Kč",0,Seznam,0,0,2,0,0,0,0,0,0,0,0,1
seydel,"c.a. seydel sohne de luxe steel","0.0 Kč",1,Seznam,0,0,0,0,0,8,0,0,0,0,0,0
seydel,"seydel toolset basic","0.0 Kč",0,Seznam,0,0,0,0,0,0,0,0,0,0,2,0
seydel,"seydel držák na foukaci harmoniku","0.0 Kč",0,Seznam,0,0,0,0,0,0,0,2,0,0,0,0
seydel,"seydl antonín","0.0 Kč",0,Seznam,0,0,4,0,0,0,0,0,0,0,0,0
seydel,"seydl zdeněk. arch pětibarevných litografií s 32 exl","0.0 Kč",0,Seznam,0,0,0,0,2,0,0,0,0,0,0,0
seydel,"seydlovo namesti 30","0.0 Kč",0,Seznam,1,0,0,0,1,1,0,0,0,0,0,0
seydel,"ing. seydlová pavla","0.0 Kč",0,Seznam,2,0,0,0,0,0,0,0,0,0,0,0
